algorithm,epsilon,status,compression_ratio
svd,0.0001,ok,13.661488717923431
svd,0.001,ok,13.661419827356063
svd,0.01,ok,16.97818327784882
tucker,0.0001,ok,41.588182108643096
tucker,0.001,ok,41.588182108643096
tucker,0.01,ok,70.68256657971772
